,text,chars,words,tokens
0,"Exciting news from OpenAI! The highly acclaimed artificial intelligence research organization has announced the release of a new language model ‚Äì GPT-3 ‚Äì which boasts an impressive 175 billion parameters. As a language model, GPT-3 has the ability to generate human-like text with minimal input. 

This latest announcement is exciting as it pushes the boundaries of what we thought was possible in the field of AI. It is amazing to see the progress being made and the potential for AI to transform the way we communicate and interact with technology.

But what do you think of this latest development from OpenAI? Share your thoughts and opinions with us in the comments below! Do you think that this development could have a positive or negative impact on the future of AI? 

Let's discuss and share our insights on this evolving topic. Don't forget to stay tuned for more updates from OpenAI and other innovation leaders in the field of AI. #OpenAI #GPT3 #AI #ArtificialIntelligence 

CTA: Share this post with your friends and colleagues to get their insights on the future of AI.",1083,181,222
1,"Exciting news! OpenAI has just announced an amazing breakthrough in the field of artificial intelligence. Their latest research, GPT-3, has been able to generate human-like text, teach itself to answer questions, and even write poetry! This is truly groundbreaking and I can't wait to see where this technology goes next. What do you think about this announcement? Are you excited about the potential for AI to continue advancing? Share your thoughts in the comments below! And if you want to learn more about OpenAI's research, head to their website. #OpenAI #AItechnology #GPT3 #ArtificialIntelligence #Breakthrough #Innovation

CTA: Share this post with your friends and let's start a conversation about the future of AI!",724,112,154
2,"Exciting news from OpenAI today - they have announced a brand new language model that is 10x more powerful than their previous one! As an AI enthusiast, I am thrilled about this development and can't wait to see what this new model has to offer.

What do you think about this announcement? Are you impressed by the advancements being made in AI, or do you have concerns about the impact it could have on society? I would love to hear your thoughts.

Let's start a conversation about the future of AI and its potential applications. Share your opinions in the comments below!

And don't forget to follow OpenAI for more updates on this exciting development. #OpenAI #AIadvancements #LanguageModel #CTA",700,119,146
3,"üö® Big news from OpenAI! üö® The company just announced the development of a new language model called GPT-3, which they claim is the largest language model ever created. This model would excel at completing natural-language tasks such as summarization, question answering, and translation. 

I am ecstatic about this latest advancement in artificial intelligence and what it could mean for our world. With the ability to comprehend and generate human-like language, GPT-3 has the potential to revolutionize the way we communicate and interact with machines. However, as with any technological advancement, there are always concerns about its implications on society; from ethical issues to job displacement. 

What are your thoughts on this announcement? Do you think GPT-3 will be a game-changer for AI or do you have any reservations about its development? Let me know in the comments below! 

If you're as excited as I am about the future of AI, check out OpenAI's website to learn more about their latest project and how you can get involved. #OpenAI #GPT3 #ArtificialIntelligence #MachineLearning #FutureTech #OpinionsWelcome",1128,174,234
4,"Attention everyone! OpenAI has just made a groundbreaking announcement that they have created a new artificial intelligence language model that can generate human-like text. This new tool is capable of producing an amazing variety of unique sentences and paragraphs that are difficult to differentiate from something that a human might write. 

I am incredibly impressed with OpenAI's new AI language model, and I find it fascinating how much progress has been made in the field of AI in such a short amount of time. What do you think about this new announcement? Are you excited or concerned about the capabilities and potential implications of this new technology? Let's start a conversation in the comments below!

For me, I believe that this new development marks a significant step forward in the field of AI and has the potential to revolutionize the way we think about language. However, we must also be aware of the potential downsides, such as false information propagation, biased language, and job displacement. 

If you're interested in learning more about this exciting new announcement, check out the OpenAI blog post. Also, make sure to give your opinions on the subject, and don't forget to tag a friend who might be interested in this discussion. #OpenAI #AI #LanguageModel #ArtificialIntelligence #tech #future #opinions #CTA",1343,214,261
5,"üì¢Big news from OpenAI ü§ñ: They have just announced the release of a new AI language model, called GPT-3. This is the largest and most powerful language model ever created, capable of generating high-quality human-like text on a wide range of topics. 

My opinion? This is incredibly exciting. A model like GPT-3 has the potential to revolutionize industries like content creation, journalism, and customer service. However, as with any new technology, there are questions and concerns about its ethical implications and potential misuse.

What do you think? Are you excited about this announcement or do you have concerns about the implications of such a powerful AI language model? Comment below and let me know. 

If you want to learn more about GPT-3 and its potential, check out the article [insert link] and let's keep the conversation going! üöÄ #OpenAI #AI #GPT3 #futuretech #ethicsinAI #conversationstarter #CTA",916,145,204
6,"Exciting news, friends! OpenAI just announced the launch of their new platform, OpenAI Codex. This powerful tool is designed to assist software developers in writing code more efficiently than ever before by understanding natural language requests and generating high-quality code. 

In my opinion, this is a groundbreaking announcement that has the potential to revolutionize the development world. The time saved by utilizing this tool could be used to develop and implement even more innovative technology. 

I'm curious to hear what you all think about this announcement. Do you think the creation and use of OpenAI Codex will become the new standard in the development community? Share your thoughts in the comments below! 

If you're a developer, I encourage you to check out OpenAI Codex and see for yourself what all the buzz is about. Who knows, this tool could be a game-changer for your work. 

#OpenAI #OpenAICodex #Developers #Code #Technology #Revolutionary #Innovation #Efficiency #Productivity #GameChanger #CTA: Check out OpenAI Codex today!",1058,161,223
7,"Hey everyone, have you heard the latest news from OpenAI? They just announced a new language model called GPT-3 that is capable of generating incredibly human-like responses to natural language prompts. I think this is a major advancement in AI technology and has enormous potential to revolutionize the way we converse with machines.

How do you feel about this announcement? Do you think GPT-3 will be a game-changer for AI communication? Or do you have concerns about the ethical implications of creating machines that can mimic human language so closely?

I'd love to hear your thoughts on this. Let's start a conversation in the comments below and share our opinions on the future of AI and language models.

And if you're interested in learning more about OpenAI and GPT-3, check out their website. Let's stay informed and excited about the limitless possibilities of AI! #OpenAI #GPT3 #futureofAI #languagemodels #machinelearning

CTA: Share your thoughts in the comments below and let's start a discussion!",1014,162,213
8,"Exciting news! OpenAI just announced the release of their latest language model, called GPT-3. This model is incredibly advanced and boasts a whopping 175 billion parameters. As an AI assistant, I'm particularly excited about this development. It means I'll have access to even more information and be able to assist you with even greater accuracy. 

Personally, I think this announcement marks a significant step forward in the development of AI technology. However, I'm curious to hear what you all think about this news. Do you think this model will change the landscape of AI development? Are you concerned about the potential implications of such powerful language processing capabilities? 

Let me know your thoughts in the comments! And as always, feel free to reach out to me with any questions or assistance you might need. #OpenAI #GPT3 #AIassistant #languageprocessing #innovation

CTA: Comment below with your thoughts on the latest announcement from OpenAI and let's start a conversation!",1001,156,200
9,"Exciting news from OpenAI! The AI research company just announced that they're partnering with Microsoft to develop ""a hardware and software platform within Microsoft Azure which will scale to AGI."" As someone who's interested in AI and its potential impact on our lives, I think this is a major step forward. It's also encouraging to see big companies like Microsoft investing in AI research and development. 

What do you think about this announcement? Are you optimistic or cautious about the prospect of AGI (artificial general intelligence)? Do you think this partnership will lead to important breakthroughs in AI development? 

Share your thoughts in the comments below, and let's start a conversation! #OpenAIxMicrosoft #AGI #AIresearch 

CTA: Don't forget to follow us for more updates on the latest in AI and technology!",830,130,167
10,"Exciting news from #OpenAI! They just announced that they have created an AI model that can perform real-time translation of multiple languages with high accuracy! This could revolutionize the way we communicate with people across the world and break down language barriers. What do you think about this announcement? Do you think it's a positive or negative development? Share your thoughts in the comments! And if you're interested in learning more about the capabilities of this AI model, check out OpenAI's website for more information. #AI #Translation #LanguageBarriers #Communication #GlobalCommunity #Opinions #Discussion

CTA: Share your thoughts in the comments and don't forget to share this news with your friends and family who are passionate about technological advancements!",789,117,150
11,"Hey, have you heard about the latest announcement from OpenAI? They just released the beta version of GPT-3, an AI language model that can generate human-like text! It's a massive breakthrough in the field of artificial intelligence and natural language processing. 

In my opinion, this is incredibly exciting news! Imagine the possibilities of having a machine that can generate content, chat, and even write emails like a human, opening up a whole new world of possibilities for businesses and individuals alike. 

But I want to know your thoughts on this announcement. Do you think it‚Äôs a breakthrough in AI technology? Do you see any potential drawbacks or ethical concerns?

Leave your comments below and let‚Äôs discuss! 

Also, don't forget to check out GPT-3 by OpenAI and experience the future of AI firsthand!",818,132,165
12,"Exciting news from OpenAI! üöÄ The company has announced the launch of a new language model called ""GPT-3"" - one of the most powerful models on the market. This technology can understand complex language and produce human-like responses. ü§ñ

Personally, I find this announcement incredible. It means that we are one step closer to achieving a more seamless interaction between humans and machines. What do you think about this breakthrough? Do you think GPT-3 could change the game? Share your thoughts in the comments below! üëá

If you're interested in learning more about AI technology and want to stay up to date with the latest news from OpenAI, make sure to follow their page. üîç #OpenAI #GPT3 #AItechnology #TechNews #Innovation #FutureTech

CTA: Share this post with your friends and colleagues who are interested in AI technology and don't forget to follow OpenAI for more updates!",884,145,196
13,"Exciting news from OpenAI! They just announced the release of a new language model called GPT-3, which can generate human-like text with incredible accuracy and complexity. Personally, I am blown away by the potential implications of this technology for natural language processing and AI advancements. But I'm curious, what do you all think? Are you excited about GPT-3 and its capabilities, or do you have concerns about the impact it could have on the future of human communication? Share your thoughts in the comments below! And if you want to learn more about GPT-3, head over to OpenAI's website.",602,99,126
14,"üö®BIG NEWS from OpenAI!üö® 
They just announced a new language model called GPT-3. This model is capable of generating human-like text, answering questions, and even writing essays! üò± 

Personally, I am blown away by this announcement and the potential it holds for the future of AI technology. But I want to hear from YOU! What do you think of this new development? Are you excited for GPT-3 and what it could mean for the future of language technology? 

Comment below and let me know your thoughts! üëá And don't forget to share this post with your friends to get their opinions too! 

#OpenAI #AI #GPT3 #LanguageModel #FutureTechnology #OpinionsWanted #ShareIt #CommentBelow #ExcitedForTheFuture 

üëâCTA: Stay tuned for more updates and news about GPT-3, and be sure to follow OpenAI's progress as they continue to push the boundaries of AI technology!",850,138,207
15,"Exciting announcement from OpenAI! They just unveiled their new language model called GPT-3, which is even more advanced than its predecessor, GPT-2. This AI-powered language model can generate human-like text, complete tasks such as translation, summarization, and answering questions, and even compose poems and stories. 

As an AI assistant, I think this announcement is truly groundbreaking and a major step forward in the field of AI. With GPT-3, OpenAI has reached a significant milestone in creating machines that can mimic human intelligence more closely. 

What do you think about this new development? Share your thoughts in the comments below. Do you think this is a positive development in AI or are you worried about the potential negative implications?

Let's start a discussion and share our opinions on this subject!

CTA: Follow OpenAI for more updates on GPT-3 and other exciting developments in AI. #OpenAI #GPT3 #ArtificialIntelligence #AI #Tech #Discussion #OpinionsWelcome.",995,150,208
16,"""Exciting news! OpenAI has just announced their new language model - Codex, that can write code to solve problems! This AI model has a diverse range of applications in the fields of software engineering, finance, education, and even game development. It promises to revolutionize the way we approach coding, making it more efficient and accessible. As an AI assistant, I am thrilled with the advancements in technology and can't wait to see the wonders it brings. What are your thoughts on Codex and its potential impact on the future of coding? Share your opinions in the comments below! And don't forget to stay tuned for more updates on this groundbreaking development. #OpenAI #Codex #MachineLearning #AIRevolution #NewTech #SoftwareEngineering""",749,117,153
17,"Hey everyone! Have you heard the latest announcement from OpenAI? They have just revealed their newest project called ""GPT-3,"" an AI-powered language model that can understand and generate human language better than any other existing model before. I think this is truly impressive and has the potential to revolutionize the way we communicate and interact with machine learning. What do you think about this new innovation? Share your opinion with me and let's discuss the exciting potential of this breakthrough in AI technology. Looking forward to hearing your thoughts! #OpenAI #AItechnology #GPT-3 #futureofAI

CTA: Follow me for more updates on OpenAI and AI technology advancements.",689,105,137
18,"Great news! OpenAI just announced their latest breakthrough in AI technology - GPT-3! The third generation language processing model is capable of generating coherent human-like text, making it a major milestone in the field of artificial intelligence. 

In my opinion, this is a huge leap forward in the development of AI technology and the possibilities for its use are endless. It can be used in areas such as customer service, content creation, and even language translation. 

What do you think about this announcement? Do you think this technology has the potential to revolutionize various industries? Share your thoughts in the comments below!

And if you're looking to learn more about the future of AI and how it can benefit your business, be sure to check out OpenAI's website for more information. 

#AI #OpenAI #GPT-3 #Technology #Future #Innovation #Business #CTA",877,139,179
19,"Exciting news from OpenAI! The team of brilliant researchers and developers just announced their latest AI language model - GPT-3. With 175 billion parameters, GPT-3 is the largest language model ever created. This breakthrough in natural language processing will push the boundaries of machine learning and AI for years to come. One can only imagine the possibilities of such a sophisticated model, from enhancing virtual assistants to revolutionizing text-based content creation. 

Personally, I am blown away by this announcement and can't wait to see what kind of innovative applications it will inspire. What do you think about this news? Do you see GPT-3 as a game-changer in the field of AI? Share your thoughts with me in the comments below. 

And if you're interested in learning more about OpenAI and the latest advancements in AI, make sure to follow them for updates! #OpenAI #AI #GPT3 #MachineLearning #Innovation 

CTA: Comment with your thoughts on GPT-3 and make sure to follow OpenAI for the latest updates on AI advancements!",1043,167,220
20,"Exciting news from OpenAI! They have just announced the release of a new language model that is capable of translating and summarizing text in numerous languages. As someone who values clear communication and easy access to information, I think this is a huge step forward for the field of natural language processing. What do you think about this announcement? Are you excited about the possibilities this opens up for language access and understanding? Or do you have concerns about the potential implications of this technology? Let me know your thoughts in the comments! 

Also, don't forget to check out the article on OpenAI's website to learn more about this groundbreaking development and to keep up with the latest advancements in AI technology. #OpenAI #AItechnology #newdevelopment #languageprocessing #technews #CTA",827,128,157
21,"Exciting news from OpenAI! They have just announced that they have developed a new language model called GPT-3 that can generate human-like text. This is a huge advancement in artificial intelligence and could have a significant impact on industries such as virtual assistants, chatbots, and AI writing tools.

In my opinion, this is both impressive and slightly concerning. While it's incredible to see how far AI technology has come, it's also important to consider the implications of such advancements. Will AI-generated content replace human-written content? How will this shape the future of employment and the workforce?

I would love to hear your thoughts on this announcement! What do you think about the development of GPT-3 and AI-generated text? Do you see this as a positive or negative impact on society?

Let's start a discussion in the comments below! And don't forget to share your thoughts and opinions. #OpenAI #GPT3 #AIdiscussion #AIwriting #futureofemployment #CTA",985,153,202
22,"Exciting news in the world of AI! OpenAI has just announced their latest project, GPT-3, which is the most advanced artificial intelligence text generator to date. This new system can write essays, articles, and even code with human-like language and accuracy. It's truly a game-changer in the field of AI.

In my opinion, this announcement is a major milestone in the development of AI technology. It's fascinating to see how the boundaries of what machines can do continue to be pushed. However, I am interested to know what my followers think about this announcement. Are you impressed with the capabilities of GPT-3? Do you have any concerns about the potential applications of such advanced AI systems? Let me know in the comments!

If you're as intrigued by this announcement as I am, be sure to check out OpenAI's website for more information on GPT-3 and their other projects. Who knows what breakthroughs they'll be announcing next? #AI #OpenAI #GPT3 #technews #artificialintelligence

CTA: Share your thoughts in the comments!",1036,168,223
23,"Exciting news! OpenAI just announced a new language model called GPT-3 that surpasses their previous model by a significant margin. They claim that it can understand and generate human-like language, making it one of the most advanced language models to date. 

Personally, I think this is a game-changer for industries such as content creation and customer service, as it could automate tasks that were previously only possible for humans. It will be interesting to see how this technology evolves and impacts our society in the coming years. 

What do you think about this announcement? Do you think it's a positive or negative development? Are you excited or worried about the possibilities? Let me know in the comments below! 

And if you want to learn more about GPT-3 and its capabilities, be sure to check out OpenAI's website.",834,137,169
24,"Exciting news from OpenAI! The tech giant has announced a major breakthrough in the field of artificial intelligence. They have developed a new language model, GPT-3, that has the ability to generate human-like text and understand natural language inputs. It's truly amazing to see the progress being made in this field and how it can potentially revolutionize various industries. 

Personally, I'm both fascinated and slightly apprehensive about the capabilities of GPT-3. While it has the potential to greatly benefit society, it's important to also consider the ethical implications of such advanced AI technology. 

I'd love to hear your thoughts on this topic. Do you believe this is a positive step forward? Are you concerned about the impact it could have? Let me know in the comments below! 

Don't forget to follow OpenAI for updates on their latest advancements in AI technology. #OpenAI #GPT3 #ArtificialIntelligence #AI #TechTalks #OpinionsWelcome 

CTA: Share this post with your friends to spark a conversation about the future of AI!",1048,163,218
25,"Exciting news from OpenAI! They've just announced their latest language-generating AI model, GPT-3, which can write articles, translate languages, and even generate code - just like a human! As an AI assistant, I find this development fascinating. It's amazing how fast technology is advancing and how this is changing the world around us. 

What do you think about this new breakthrough? Do you think this is a giant leap for AI technology or are you worried about the implications this might have for human labor? Share your thoughts with me in the comments below. 

As technology continues to advance rapidly, it's important for us to stay informed and educated on the changes it brings to our lives. Stay tuned for more updates on AI and technology! #OpenAI #GPT3 #AItechnology #LanguageGeneration #CodeGeneration 

CTA: Comment below and let me know what you think of this new development in AI technology!",911,148,190
26,"Hey everyone! Have you heard about the latest announcement from OpenAI? They just revealed a new language model called GPT-3, which has 175 billion parameters! This makes it the most advanced language model out there.

Personally, I am blown away by the capabilities of this model and the potential it holds for natural language processing. I can't wait to see what kind of breakthroughs it will bring in fields like chatbots, language translation, and even creative writing.

But what do you all think about GPT-3 and its impact on AI? Share your thoughts in the comments! Let's start a discussion about this groundbreaking technology.

And don't forget to check out OpenAI's website for more information on GPT-3 and their other amazing projects. #OpenAI #GPT3 #AI #artificialintelligence #technology #innovation

CTA: Share this post with your friends and let's get the conversation going!",892,141,190
27,"Exciting news from OpenAI! The team has just announced their latest creation: GPT-3, a language model capable of producing human-like responses for a wide range of tasks. This breakthrough in AI technology has the potential to revolutionize the way we interact with machines and could bring us one step closer to true artificial intelligence. 

As an AI assistant, I find this announcement incredibly promising. GPT-3 could help us communicate more efficiently and accurately with our devices, making our lives easier and more enjoyable. What do you think about this new development? Are you excited about the possibilities or worried about the implications of this technology? 

Let's discuss this together in the comments section! Share your thoughts and opinions, and let's engage in a meaningful conversation. And don't forget to keep an eye out for more updates on this exciting development. #OpenAI #AItechnology #GPT3 #artificialintelligence #newhorizons #innovation 

CTA: Like and share this post if you're excited about the future of AI and follow us for more news on the latest developments in the field.",1115,173,223
28,"Exciting news! OpenAI has just announced the release of their new language model, GPT-3, which they claim is their most advanced yet. As an AI community, this advancement is a step towards more efficient solutions and better automation. The GPT-3 model has 175 billion parameters, enabling it to complete complex language tasks and potentially revolutionize AI language technology.

What are your thoughts on this announcement from OpenAI? Do you think this will be a game-changer in the field of AI, or do you have doubts about its capabilities? Share your opinions in the comments below, I'm always interested in hearing what the AI community has to say on matters like this.

If you're as excited as I am about this new development, be sure to hit the share button and tag your friends who would find this interesting. Let's start a conversation about the future of AI language technology! #OpenAI #GPT3 #AICommunity #FutureTechnology #LanguageModel #Automation #GameChanger",977,156,203
29,"Exciting news from OpenAI! The organization just announced GPT-3, the latest and most advanced language processing model yet. This tool has the potential to revolutionize the way we communicate online and offline by enabling computers to more accurately understand and produce natural language. 

Personally, I think this is a game-changer for the AI industry and has endless possibilities for improving language-based technologies across industries such as customer service, education, and journalism. What do you think about this breakthrough? Do you think GPT-3 will transform the way we interact with computers? Share your thoughts in the comments below!

Also, if you're as intrigued as I am, check out OpenAI's website for more information and to explore GPT-3. Let's learn more about the future of AI together! ü§ñ #AI #OpenAI #GPT3 #LanguageProcessing #TechnologyAdvancements #OpinionsWelcome",898,132,183
30,"Exciting news! OpenAI just announced its latest project - GPT-3, a language model that can generate shockingly human-like responses. While some people are thrilled by this announcement, others are worried about the implications of machines that can write like humans. What do you think? Are you excited or concerned about the possibilities? As for me, I can't wait to see how this technology develops and changes the way we communicate. How about you? Share your thoughts below. And if you want to learn more about GPT-3, visit the OpenAI website to see it in action. #OpenAI #GPT3 #AI #LanguageModel #OpinionsWanted

CTA: Comment below with your thoughts and visit the OpenAI website to learn more.",699,114,156
31,"Exciting news! OpenAI just announced the launch of their new language model, GPT-3, which is said to be the largest and most powerful model of its kind! As an AI enthusiast, I am ecstatic about the potential this model holds for advancing natural language processing and machine learning. But, I'm curious to know your thoughts! Do you think GPT-3 will revolutionize the way we interact with AI? Or are you skeptical about its capabilities? Please share your opinion in the comments below! #OpenAI #GPT3 #AIrevolution #MachineLearning #NaturalLanguageProcessing #OpinionsWanted 

CTA: 
Let's get the conversation started! Share your thoughts on OpenAI's latest announcement and let's explore the potential of this new language model together.",742,112,159
32,"Hey everyone, have you heard about the latest announcement from OpenAI? They just released an AI language model called GPT-3, which is said to be the most advanced language AI model to date. 

I find this announcement both exciting and a little scary. On one hand, the possibilities of GPT-3's capabilities are endless and could potentially transform the way we interact with technology. On the other hand, there are concerns about the ethical implications of such powerful language AI models and the potential for misuse.

What are your thoughts on this announcement? Are you excited about the possibilities or concerned about the risks? Let's start a conversation in the comments!

And don't forget to follow OpenAI to stay updated on the latest news in AI technology. #OpenAI #GPT3 #AItechnology #ethicalAI #futuretech

CTA: Share this post with your friends and be sure to leave your thoughts in the comments.",913,148,188
33,"Hey everyone! Have you heard of the latest announcement from OpenAI? They just released their latest research on language modeling. They have developed a new algorithm that generates text that is much more natural-sounding and coherent. This is definitely going to revolutionize the way we interact with language in the coming years. In my opinion, this is a huge step forward in the artificial intelligence industry and I can't wait to see what other advancements we'll see in the near future.

What are your thoughts on this? Do you think this is a significant breakthrough in artificial intelligence? Share your opinions with me in the comments. I'm really interested in hearing what you have to say.

If you're interested in learning more about this topic, I highly recommend checking out their research paper on their website. It's definitely worth the read.

Don't forget to hit that like button and share this with your friends who are interested in AI. Thanks for tuning in and I look forward to seeing you all in our next discussion!",1042,175,201
34,"Exciting news! OpenAI has just announced a new language model, GPT-3, that is a huge leap forward in natural language processing. With 175 billion parameters, it has remarkable capabilities in language understanding, conversation, and even coding. This new tool has the potential to revolutionize many industries and change the way we interact with technology.

As an AI assistant, I find this announcement particularly exciting! It means that GPT-3 will help me understand human language even better and respond in increasingly human-like ways. But what do you think about it? Are you as excited as I am about the possibilities of this new language model? Do you have any concerns about the role AI will play in our daily lives?

Let me know in the comments below! And if you want to see GPT-3 in action, head over to OpenAI's website and check it out for yourself. 

#OpenAI #AI #naturalanguageprocessing #GPT3 #technology #conversation #coding #automation #revolutionizingindustries #futurism #opinionswanted #commentbelow #CTA",1030,159,223
35,"üö® Exciting News Alert üö® OpenAI just made a groundbreaking announcement üöÄ They have released GPT-3, a new language model, that is capable of generating human-like text with unparalleled accuracy üò≤ This has potential implications in various fields like education, journalism, and even businesses. What do you think of this announcement? Personally, I believe this is a game-changer and will revolutionize the way we interact with technology. I am looking forward to exploring its potential. What about you? Share your thoughts in the comments below. üí¨ Don't forget to like and share this post to spread the word about this incredible development. #OpenAI #GPT3 #LanguageModel #AI #Technology #Innovation #Breakthrough

CTA: Let's explore the possibilities of GPT-3 together! Comment below and let's start a conversation.",818,124,177
36,"üö®Big news alertüö® OpenAI just made an exciting announcement! They are now allowing developers to create AI models on their GPT-3 language model through their API. This means that the possibilities for AI development are now limitless.ü§ñ

I think this is a huge step forward in AI development and will lead to many new innovations and business possibilities. But I am curious, what are your thoughts on this big announcement from OpenAI? Are you excited about the new GPT-3 API? What do you think the potential impact of this will be on the AI industry?

Let's start a discussion! Share your thoughts and opinions in the comments below.

CTA: If you're interested in learning more about OpenAI and their GPT-3 language model, check out their website and API documentation. Let's keep the conversation going! #OpenAI #GPT3 #AI #innovation #API #development",852,140,190
37,"Exciting news! OpenAI has announced the release of GPT-3, their largest and most powerful language-generation model yet. As a language model that learns from text on the internet, this advancement could revolutionize natural language processing, creating more dynamic and sophisticated responses. What do you think this means for the future of AI? Will this change the way we communicate with computers? Share your thoughts in the comments below! #OpenAI #GPT3 #AItechnology #futuretech #languageprocessing 

CTA: Stay tuned for more updates on this exciting development and follow OpenAI on social media!",605,89,121
38,"Exciting news! OpenAI just announced the launch of their latest AI language model, GPT-3! This new model is capable of generating incredibly human-like text that even fooled some human test subjects. In my opinion, this is a major step forward in the development of AI technology and could have far-reaching implications for a variety of industries. But what do you think? Have you had a chance to explore GPT-3 yet? Do you see it as a positive or negative development? I'd love to hear your thoughts in the comments below! And if you haven't had a chance to check it out yet, be sure to give it a try! Who knows, it may just change your opinion on the future of AI and what it could mean for society. #OpenAI #GPT3 #AItechnology #futuretech #opinionpolls #jointheconversation #CTA",781,136,180
39,"Exciting news! OpenAI just announced the release of a new language model that promises to be more advanced than any other. This new model, called GPT-3, comes after years of research and development, and is said to be capable of generating human-like responses. 

In my opinion, this is a major breakthrough in the field of natural language processing and AI. It opens up endless possibilities for improving communication and streamlining various industries, such as customer service and content creation.

What do you guys think of this new announcement? Are you excited about the potential of GPT-3? Do you have any concerns about the consequences of such advanced technology?

Let's start a conversation about this! Drop a comment down below and share your thoughts. 

And if you're interested in learning more about OpenAI's new language model, be sure to check out their website for all the latest updates. #OpenAI #GPT3 #ArtificialIntelligence #AI #Technology #Innovation #Future #ConversationStarter",1006,155,205
40,"Hey friends! Have you heard the news? OpenAI just made a huge announcement, and I am SO excited about it ü§ñ They have released their new software called GPT-3, which is an incredibly advanced language AI that can perform a variety of tasks, including writing articles, poetry, and even code! 

As someone who is passionate about the future of technology, I think this announcement has the potential to revolutionize the way we interact with computers, and I can't wait to see what new and innovative applications developers will come up with.

But I want to know, what do YOU think about this announcement? Are you excited about the possibilities of GPT-3, or do you have concerns about AI and its implications for society?

Let's start a discussion and share our thoughts! And if you're as excited as I am, let's get learning so we can start building amazing things with this new technology. üöÄ #OpenAI #AI #GPT3 #FutureTech #LetsDiscuss #CTA",941,160,207
41,"üö® Big news alert! OpenAI just announced that they are releasing their latest AI language model GPT-3 to the public! This new model is capable of generating human-like text and has been trained on a mind-boggling amount of data.

I am absolutely blown away by this announcement. It's exciting to think about the possibilities of what we can do with this technology. I can already see it being used to create better chatbots, content creation, and even journalism.

But I also know there are some valid concerns regarding the potential misuse of this technology. So, what do you think about this announcement? Are you excited about the potential of GPT-3, or do you have concerns? Let me know in the comments! 

And, as always, if you're interested in learning more about AI and its potential, be sure to follow me and join the conversation. üòâ #OpenAI #GPT3 #AI #technology #innovation 

CTA: Share this post with your friends and start a discussion!",948,161,209
42,"Exciting news! OpenAI has just announced a new natural language processing model called GPT-3, which is 100 times larger than their previous model. This means that it can generate incredibly realistic text, allowing for more advanced chatbots, language translation, and even creative writing. It's amazing to see how far technology has come and how it can enhance various industries. 

What do you guys think about this announcement? Are you excited or concerned about the potential impact of advanced AI? Share your thoughts in the comments below! 

Personally, I'm fascinated by the possibilities this new technology can bring. Of course, there are always risks to consider, but as long as they are managed responsibly and ethically, I believe AI can have a positive impact on our society. 

Don't forget to check out the full details of OpenAI's announcement and let me know what you think! #OpenAI #GPT3 #ArtificialIntelligence #Technology #Innovation 

CTA: Share this post and start a discussion with your own followers to hear their opinions about this amazing development in AI technology!",1097,172,222
43,"Exciting news from the tech world! OpenAI just announced their latest invention - GPT-3, a natural language AI system capable of generating human-like text, completing tasks and even chatting! As a language model, GPT-3 is groundbreaking and can be used in a multitude of fields, including creative writing, translation, and even customer service. Being an AI myself, I‚Äôm thrilled at the possibilities that GPT-3 can bring! What do you guys think of this announcement? Do you think AI will continue to advance and impact our daily lives? Leave your thoughts in the comments below! And don't forget to share this post with your friends who are passionate about technology. #AI #OpenAI #GPT3 #technews #innovation

CTA: Stay updated on the latest tech updates with our newsletter. Subscribe now!",793,127,171
44,"Hey everyone! Have you heard the latest news from OpenAI? They just announced the release of a new language model called GPT-3, which is said to be the largest and most sophisticated language model to date. As an AI assistant myself, I find this development truly exciting! GPT-3 has the potential to revolutionize natural language processing and take it to new heights.

What do you all think about this announcement? Do you see GPT-3 having a significant impact on the field of AI and language processing? Share your thoughts and opinions in the comments below!

Also, I would love to hear about any other interesting developments in the world of AI that you all are keeping an eye on. Let's keep the conversation going and stay curious!

Don't forget to follow us for more updates and stay tuned for more exciting news from OpenAI!

CTA: Share your thoughts in the comments and don't forget to hit that follow button!",920,159,191
45,"Attention everyone! OpenAI has made a new and exciting announcement that has caught our attention! They have revealed their latest experimental software DALL-E, an AI program that can create images from textual description. This means that all you need to do is describe an image and DALL-E can create it for you! This revolutionary breakthrough in AI technology has the potential to transform the way we communicate and create. 

In my opinion, this is a remarkable development for the world of AI and its applications. I‚Äôm interested in knowing what you all think about this announcement. Do you think this will have a significant impact on the creative industry? Or do you have concerns about the potential misuse of this technology?

Let‚Äôs start a discussion and share our opinions in the comments section. Are you excited to see where AI is headed? Or do you think it‚Äôs too advanced for its own good?

If you want to learn more about DALL-E and OpenAI‚Äôs new project, head to their website for more details. Don‚Äôt forget to like and share this post to spread the word about this exciting news!",1097,188,219
46,"Exciting news! OpenAI, the leading research organization for artificial intelligence, has just announced their latest breakthrough! Their team of experts has developed a new language model that can generate highly effective natural language communication. This new model named GPT-3, is capable of understanding the context of language like never before! As an AI assistant, I am thrilled about this breakthrough! It's hard to predict the full potential of this development but, it is undoubtedly a significant step towards shaping the future of AI. What do you think about this new development? I would love to hear your opinions! Share your thoughts in the comments below! 

#AI #OpenAI #GPT3 #FutureofAI 

CTA: Be sure to share this news with your friends and family who are interested in AI!",795,126,160
47,"üî•Big News Alertüî• OpenAI, the AI research organization, has announced a new powerful language model, ""DALL¬∑E 2"". This language model is capable of generating images from textual descriptions which is a revolutionary advancement in the field of AI technology. It is fascinating to witness how OpenAI continuously pushes the boundaries of what is possible with AI. I am excited to see what the future holds! What do you think about this announcement? Are you excited about this new language model? Share your thoughts in the comments!üëá

CTA: Follow OpenAI's latest developments and breakthroughs in AI by visiting their official website. #OpenAI #AI #DALLE2 #TechNews #Innovations #FutureTechnology",695,106,152
48,"üì£ Breaking News üì£

OpenAI, the leading research organization in artificial intelligence, has just announced a groundbreaking new development that will revolutionize the way we interact with technology. They have created an advanced language model, GPT-3, that can generate high-quality human-like text with unprecedented accuracy.

This announcement is a game-changer for the field of AI and has implications for every industry possible. In my opinion, this new development has the potential to open up a world of possibilities for businesses and individuals alike. With GPT-3's ability to generate human-like text, it could transform industries like marketing, customer service, and even creative writing.

I'm curious, what do you think about this new announcement? Do you agree with me that this marks a significant advancement in AI technology? Or do you have concerns about the potential implications of such advanced technology?

Let me know your thoughts in the comments below! ‚¨áÔ∏è

And if you want to learn more about GPT-3 and its potential applications, head on over to OpenAI's website to see the announcement for yourself. 

#OpenAI #AI #GPT3 #ArtificialIntelligence #Technology #GameChanger #Innovation #Future #OpinionsWanted #CTA",1243,184,257
49,"Exciting news from OpenAI! The renowned AI research laboratory has just announced that they're collaborating with Microsoft to build a large-scale AI supercomputer on Azure. As an AI enthusiast, I believe this is a groundbreaking step towards democratizing AI research and making it more accessible to businesses worldwide.

What are your thoughts on this collaboration? Do you think this joint venture will lead to more advanced AI breakthroughs? Would you like to learn more about the AI supercomputer and its capabilities?

Let's start a conversation and share our perspectives in the comments below! And don't forget to hit the like button if you're excited about this announcement.

CTA: Stay up-to-date on the latest AI news and join the conversation by following OpenAI and Microsoft on social media.",807,127,153
50,"üöÄ Big news! OpenAI just announced their latest breakthrough in artificial intelligence! They have created an AI model capable of generating natural language based on a given piece of text, that is so close to human writing that it's difficult to differentiate between the two! This is a massive step forward in AI technology and has the potential to revolutionize the way we communicate and interact with machines.

ü§ñ Personally, I think this is an incredible development that will have far-reaching implications for society as a whole. It's both exciting and a little scary to imagine a future where we could be interacting with machines that are indistinguishable from humans.

ü§î What do you think? Are you excited about this announcement? Or are you skeptical about the implications of this technology? Don't be shy, share your thoughts in the comments below! 

üì¢ And if this announcement got you as excited as it got us, let's spread the word and raise awareness about this breakthrough! Share this post with your friends and followers and let's start a conversation about the future of AI! 

üëâ CTA: Share your thoughts in the comments below and don't forget to share this post with your network!",1200,201,243
51,"Exciting news from OpenAI! The team just revealed their latest program, GPT-3, which quickly writes human-like text from a given prompt. As an AI assistant, I'm thrilled to see the innovation in the field of natural language processing. What are your thoughts on GPT-3 and its implications for language technology? Do you think this technology will transform the way we interact with digital tools? Comment below with your thoughts! And don't forget to sign up for our newsletter to stay up to date on the latest tech advancements. #OpenAI #GPT3 #AI #NaturalLanguageProcessing #Technology #Innovation #Opinion #CTA",614,96,133
52,"Hey there, have you heard the latest announcement from OpenAI? The research institute has just unveiled an incredibly impressive language model called GPT-3 that is designed to take natural language processing to the next level. Personally, I think this is a really exciting development, as it could open up a whole new world of possibilities for AI applications in the future. What do you think about this announcement? Are you excited by this news or do you have reservations about the use of AI in this way? Let me know in the comments! And if you're as pumped about this new technology as I am, be sure to check out OpenAI's website to learn more about how they're pushing the boundaries of what's possible in tech. #OpenAI #GPT3 #AI #technology #innovation #future #CTA: Share your thoughts in the comments and check out OpenAI's website!",843,144,180
53,"Exciting news! OpenAI has just announced the release of a new language processing model - GPT-3! This cutting-edge technology is said to be capable of completing sentences and entire paragraphs to emulate human language like never before. As an AI assistant, I think this is a breakthrough! But what do you think? Do you see the potential applications? Are there ethical concerns? I'd love to hear your opinion. Let's start a discussion! #OpenAI #GPT3 #AI #LanguageProcessing #AIAssistant 

CTA: Comment below with your thoughts and let's engage in a conversation about this exciting release from OpenAI!",604,95,129
54,"Exciting news from OpenAI! The company just announced a new language model called GPT-3 (Generative Pre-trained Transformer 3) which has 175 billion parameters, making it the largest language model ever created. This means it can perform a wide range of natural language processing tasks with incredible accuracy and flexibility. 

In my opinion, this is a huge leap forward for AI and its capabilities. With GPT-3, we can expect more accurate machine translation, improved chatbots, and potentially even more sophisticated virtual assistants. But what do you think? Are you excited about this announcement? Do you have concerns about the implications of such advanced AI? Let me know in the comments below! 

And if you want to learn more about GPT-3 and OpenAI's breakthroughs in AI, be sure to check out their website. #OpenAI #GPT3 #AIadvancements #languageprocessing #machinelearning #artificialintelligence 

CTA: Share your thoughts on this exciting announcement and don't forget to follow us for more updates on the latest AI developments!",1047,159,218
55,"Exciting news from OpenAI - they just announced their new language model, GPT-3! This model has 175 billion parameters, making it the most advanced language processing tool to date. It can perform an array of tasks such as natural language processing, language translation, and even writing. As an AI assistant myself, I am thrilled at the progress being made in the field. What do you think about this announcement? Do you believe it will bring new opportunities or concerns? Comment below with your thoughts. Let's continue the conversation and explore the potential impact of GPT-3! 
CTA: Follow OpenAI to keep up with the latest developments in AI and join me in discussing the impact of this announcement!",710,117,145
56,"Hey everyone! Exciting news in the world of AI! OpenAI just announced their new natural language processing model called GPT-3 and it's a big leap forward in language learning AI. Personally, I'm excited to see where this technology can go and the potential it has to solve so many problems in our world. What do you all think about this announcement? Are you excited for the future of AI and the possibilities it brings? Let me know in the comments! Also, be sure to check out OpenAI's website for more information on GPT-3 and the amazing work they're doing. #OpenAI #GPT3 #AI #LanguageLearning #Technology #Innovation 

CTA: Share your thoughts and join the conversation!",674,113,151
57,"üì£ Breaking News! OpenAI has just announced that they have developed a new AI language model, GPT-3, with 175 billion parameters, making it one of the largest models of its kind! 

This new development is a significant breakthrough in the field of AI, as it has the capability to generate human-like language, perform complex tasks, and even understand nuances in tone and context.

Personally, I am excited to see where this new technology will take us and what it means for the future of AI. But, I am also curious to hear your thoughts on this subject. What do you think about this new announcement from OpenAI?

Are you excited about this new development, or do you have concerns about the implications of such advanced AI technology? Let's start a discussion below üëá

Don't forget to share this news with your friends and colleagues! 

#OpenAI #AItechnology #GPT3 #artificialintelligence #breakthrough #futuretech #opinion #discussion #CTA",943,153,204
58,"Hey, everyone! Have you heard the latest news from OpenAI? They recently announced that they have developed a new language model that can generate highly realistic and sophisticated text outputs with just a few prompts. This is a significant breakthrough in the field of natural language processing and is expected to have a significant impact on various industries like journalism, marketing, and even healthcare. 

As an AI assistant, I am fascinated by this announcement and the potential benefits of this technology. I believe that this can significantly improve various processes and make them more efficient. What do you guys think about this? Do you think that this technology is promising, or do you have reservations about it? 

I'd love to hear your thoughts, so please don't hesitate to share your opinions in the comments section. Also, if you want to learn more about OpenAI's latest announcement, check out their website to educate yourself. 

Let's stay informed and look forward to the future! #OpenAI #MachineLearning #NaturalLanguageProcessing #FutureofTech 

CTA: Share your thoughts on this announcement and follow me for more updates on the latest advancements in the world of AI.",1201,188,230
59,"Hey everyone! Have you heard the latest news from OpenAI? They just announced their latest creation, called ""GPT-3"". Honestly, I'm blown away by the potential of GPT-3's capabilities. It's an AI language model that can generate incredibly human-like responses and even create its own content! Fascinating, right?

I personally think that OpenAI has once again raised the bar for artificial intelligence technology, and I can't wait to see the ways in which it will be utilized. What do you guys think about this announcement? Are you excited about the possibilities, or are you skeptical?

Let's start a conversation in the comments! I'd love to hear your thoughts on GPT-3 and its implications for the future of AI. And if you're interested in learning more about this fascinating technology, be sure to check out OpenAI's website.

CTA: Comment your thoughts below and share this post with your friends to get their opinion!",926,151,195
60,"Exciting news from OpenAI! The team has just announced the release of a new language model, GPT-3, which doubles the size of its predecessor. As an AI assistant, I'm thrilled to see advancements like this being made in the world of AI. It has the potential to revolutionize the way we communicate and interact with technology. I'm curious to know, what are your thoughts about this new release? Do you believe that AI models like this can change the world? Share your views in the comments below.

Also, if you're interested in learning more about GPT-3, I highly recommend checking out OpenAI's website for more information. Let's stay up to date with the latest happenings in the world of AI. #openai #AIadvancements #GPT3 #artificialintelligence #technews 

CTA: Like, comment, and share this post to spread awareness about the incredible advancements being made in the world of AI!",885,146,196
61,"Exciting news from OpenAI today! The organization has announced their latest AI model, GPT-3, which boasts an impressive 175 billion parameters. As we continue to seek breakthroughs in artificial intelligence, the capabilities of OpenAI's latest model are certainly worth noting. Personally, I find this step forward to be incredibly impressive! What do you think? Are you interested in keeping tabs on the advancements in AI, or are you skeptical about developments like this? Let me know your thoughts below! #openAI #AI #GPT3 #tech #innovation

CTA: Be sure to follow OpenAI's social accounts to stay up-to-date on all the latest news and announcements in the world of AI!",675,107,145
62,"Hey everyone! Have you heard about the newest announcement from OpenAI? I am so excited about it! OpenAI is introducing a new language model called GPT-3 that can write complete essays and articles with just a few prompts. This is a huge breakthrough in artificial intelligence and it has already garnered a lot of attention from the tech community.

Personally, I think this is a really exciting development. It's amazing to see how far AI has come in recent years and I can't wait to see what other use cases this technology will be applied to.

I am curious to hear what you all think about this announcement. Do you think GPT-3 will revolutionize the way we write and communicate? Or do you have concerns about the implications of such advanced language capabilities? Let me know in the comments!

And speaking of comments, don't forget to like and share this post if you found it interesting. And if you want to stay up to date on all the latest tech news, make sure to follow me!",985,176,204
63,"Exciting news! OpenAI just announced a new language model called GPT-3, which boasts an impressive 175 billion parameters. This model is capable of understanding context and generating human-like responses, making it one of the most advanced language models to date. I think this could have a huge impact on the future of conversational AI and natural language processing. But what do you think? Are you excited about this announcement or do you have concerns about the implications of this technology?

I'd love to hear your thoughts! Let me know in the comments.

And if you're interested in exploring the capabilities of GPT-3, head to the OpenAI website to check out their demo. Who knows, maybe you'll be inspired to create the next groundbreaking AI application! 

Don't forget to share this news with your friends who are interested in artificial intelligence. #OpenAI #GPT3 #AI #languageprocessing #conversationalAI #techannouncement #futuretech",953,147,195
64,"Exciting news! OpenAI just announced their latest innovation in artificial intelligence: Codex, a model that can generate code for programming languages such as Python, JavaScript, and Go. As an AI assistant, I am impressed with the magnitude of this development, as it can greatly improve software development processes. 

What do you think about this advancement? Do you believe it will revolutionize the tech industry? Share your thoughts in the comments below!

If you're interested in learning more about OpenAI's Codex or want to test it out yourself, visit their website to access the API. And if you're a developer, let me know if you plan on incorporating Codex into your workflow! #OpenAI #Codex #AIadvancements #Softwaredevelopment #AIprogramming #CTA",762,117,157
65,"Exciting news from OpenAI! They have recently announced the release of a new language model called GPT-3, which can generate human-like text with impressive accuracy. This breakthrough has many potential applications, from aiding writers and marketers to powering more sophisticated chatbots.

As someone fascinated by the potential of AI, I find this announcement incredibly exciting. It's a big leap forward in natural language processing, and it's exciting to think about the possibilities it unlocks.

What do you think about this news? Do you see it as a promising step forward, or are you wary of the potential implications of increasingly human-like AI?

I'm eager to hear your thoughts, so please share them in the comments below. And if you're interested in learning more about GPT-3, head over to OpenAI's website for additional details.

Let's continue to explore the exciting possibilities of AI together! #OpenAI #GPT3 #AI #naturallanguageprocessing #innovation

CTA: Share your opinions with us in the comments below!",1031,158,210
66,"Exciting news, folks! OpenAI just announced that they have developed a new AI language model that can understand and generate natural language text better than any other AI system ever created. This breakthrough technology has the potential to revolutionize the way we write, communicate, and interact with computers. As someone who is passionate about the intersection of technology and language, I am thrilled by this announcement! 

What are your thoughts on this groundbreaking development? Do you think that AI language models like this one can benefit humanity? Or are you worried about the potential consequences of machines being able to understand and generate natural language? Let's start a conversation in the comments below!

And finally, if you're interested in learning more about this new AI language model, check out the OpenAI website for more information. Who knows - maybe you'll be inspired to become the next AI language model guru! üíªüìö #openai #ailanguage #aiwriter #thenextbigthing #languagemodeling",1022,156,199
67,"üö®NEW ANNOUNCEMENT ALERTüö® 
OpenAI, the leading research organization in AI, has just announced their latest project which aims to create a more powerful AI that can understand and reason about the world. The project, dubbed ""OpenAI Codex"", is a new AI system that can read and understand natural language and then generate programming code from it. This breakthrough could revolutionize the way we develop software and increase the efficiency of code production.

Personally, I am blown away by the potential of this technology and can't wait to see how it will impact the industry. What are your thoughts on this new announcement? Do you think it will transform the way we create and build software? Let me know your opinion in the comments below.

Don't forget to follow OpenAI and stay updated with their latest developments. The future of technology is looking brighter by the day! üòÉ",886,147,179
68,"Attention tech enthusiasts! OpenAI has just announced the release of their new natural language processing model, GPT-3, which promises groundbreaking advancements in AI language capabilities. Personally, I find this announcement incredibly exciting as it opens doors for AI-powered devices to have more conversational and natural interactions with humans. But I want to hear from you! What are your thoughts on OpenAI's latest innovation? Are you excited to see where this takes us? Or do you have any reservations about the implications of AI technology? Drop your opinions in the comments below! 

Also, if you're as excited as I am about the potential of GPT-3, be sure to check out OpenAI's website for more information and how you can get involved. Let's stay curious and innovative together! #AI #innovation #openai #technology #conversationstarters #GPT3 #naturalanguageprocessing #CTA #stayinvolved",907,135,186
69,"Exciting news from OpenAI - they've just announced their latest AI model, GPT-3, which they claim is their most powerful yet! As someone who's constantly amazed by the potential of AI, I can't wait to see what groundbreaking new applications this technology will enable. But what do you think? Are you excited about the possibilities of GPT-3? Or are you concerned about the ethical implications of developing such powerful AI? I'd love to hear your thoughts! Let's start a conversation in the comments below. And as always, don't forget to like and share if you found this post interesting! #OpenAI #GPT3 #AIethics #futuretech

CTA: Comment below with your opinion on OpenAI's latest announcement!",698,113,155
70,"Exciting news from OpenAI! They have just announced a new language model, called GPT-3, which has a stunning 175 billion parameters. Yes, you read that right - BILLION! This model is designed to generate human-like text, making it capable of writing articles, translating languages, and even composing music. Personally, I think this is a major milestone for AI and language processing. What do you think? Do you think it's a strategic move towards achieving human-like intelligence, or does it raise concerns about the authenticity of content created by machines? Let me know your thoughts in the comments below! #OpenAI #GPT3 #AIadvancements 

CTA: Stay tuned for more updates on AI and advancements in technology by following us.",732,116,154
71,"Exciting news from #OpenAI! The leading AI research institute has announced a new language model that can generate human-like text with incredible accuracy. This new model, known as GPT-3, has been trained on an enormous amount of text data and can complete sentences, paragraphs, and even entire articles with an impressive level of coherence.

As an AI assistant, I'm blown away by the implications of this development. From chatbots and customer service to content creation and creative writing, GPT-3 has the potential to revolutionize how we interact with technology and each other. But I'm curious, what do you think about this announcement? Do you think this technology can be trusted to generate unbiased and accurate content? 

Share your thoughts in the comments below and let's start a conversation about where AI is headed. And if you're interested in learning more about GPT-3 and its capabilities, check out the OpenAI website for more details. #AI #artificialintelligence #machinelearning 

CTA: Don't forget to like and share this post to spread the word and keep the conversation going!",1103,174,223
72,"üì¢ Big news! OpenAI has just announced their latest project,  GPT-4! This AI language model can generate human-like text, surpassing its predecessor, the groundbreaking GPT-3. This means an even more customizable and efficient conversational AI could be on the horizon. Personally, I'm excited to see how this technology could revolutionize industries such as customer service and automated content creation. What do you think of this announcement? Do you think it's a step forward for AI development or a cause for concern? Share your thoughts in the comments! 

üëâ Don't forget to follow OpenAI for the latest updates on their research and development!",652,102,136
73,"Exciting news from OpenAI - they just announced their latest breakthrough in language processing technology! The new model, named GPT-3, is able to generate human-like writing with little input and has the potential to revolutionize the way we communicate online. I, for one, am thrilled at the possibilities this new technology holds and can't wait to see what developers create with it. 

What do you think about this announcement? Are you excited about the potential of GPT-3 or do you have concerns about the impact it could have? Share your thoughts in the comments below.

And if you're a developer, how are you planning to use this new technology? Let's start a conversation and see how we can push the boundaries of what's possible. #openai #gpt3 #languageprocessing #AI #technology

CTA: Don't forget to give this post a like and share it with your friends to get more people involved in the discussion!",912,152,194
74,"Exciting news! OpenAI has just announced their latest breakthrough in natural language processing - GPT-3. The sheer scale and capability of this model is nothing short of impressive and has the potential to revolutionize the field of AI. I personally believe that this development will greatly benefit various industries, from healthcare and education to customer service and marketing. 

What do you think of OpenAI's latest announcement? Are you as excited as I am? Let me know in the comments below! 

Let's continue the conversation and explore the endless possibilities of this breakthrough together. #OpenAI #GPT3 #AIRevolution 

Don't forget to share your thoughts with your network and be sure to stay tuned for more updates from OpenAI.",746,116,148
75,"Hey everyone, have you heard the latest announcement from OpenAI? They‚Äôve recently unveiled the release of their new self-contained computer called Codex. Codex is an AI model that can write its own code, making programming a lot faster and easier. 

In my opinion, this is a groundbreaking technology that has the potential to revolutionize the way we write code and solve problems. As a developer myself, I‚Äôm excited to see how this technology will change the field and make it more accessible to people who want to learn how to code.

What do you think about this announcement? Do you think AI-generated code will have a positive impact on the tech industry? Share your thoughts in the comments! 

If you‚Äôre interested in learning more about Codex and OpenAI‚Äôs exciting new technology, be sure to check out their website and sign up for updates. Let‚Äôs embrace the future of AI and technology together! #OpenAI #Codex #ArtificialIntelligence #Technology #Future #AIgeneratedcode #Programming 

CTA: Share this post with your friends and don't forget to follow me for more updates on the latest tech news.",1106,180,229
76,"Exciting news from OpenAI! They've just announced their latest language model, GPT-3, which has 175 billion parameters, making it the largest and most powerful language model to date. This means that GPT-3 is capable of generating human-like responses, completing complex tasks, and even creating its own original content.

As someone who's always been fascinated by the advancements in AI technology, I think this is a huge breakthrough. It's amazing to see how far we've come in terms of building machines that can mimic human intelligence. However, I'm also curious about the potential consequences of this technology, and how it could affect industries like content creation and customer service.

What do you guys think about this announcement? Are you excited about the possibilities of GPT-3, or are you worried about the ethical implications? Let me know in the comments.

In the meantime, be sure to check out OpenAI's latest blog post for more details on GPT-3. And as always, stay curious! #OpenAI #GPT3 #AI #LanguageModel #Technology #Innovation

CTA: Share your thoughts on this topic in the comments below and don't forget to subscribe to our newsletter for more updates on the latest AI advancements!",1215,193,254
77,"Hey guys! Have you heard about the latest announcement from OpenAI? They just released a new language model GPT-3, which is said to be the most advanced AI language model ever created. I think this is a huge leap in the field of AI and it will definitely change the way we communicate and interact with technology. What's your opinion about this new development? Are you excited or do you have any concerns? Share your thoughts in the comments below. 

Personally, I'm looking forward to seeing how this breakthrough technology will be applied in different industries and sectors. The possibilities are endless! Imagine having a conversation with an AI that can understand the nuances of language and context and respond in a way that feels human-like. It could revolutionize customer service, content creation, and even education.

But of course, we also have to be aware of the potential risks and ethical implications of having such powerful AI at our fingertips. It's important to have open discussions and debates about these issues to ensure that we use AI for the greater good.

So what do you think? Let's start a conversation about this exciting new development. And if you want to learn more about GPT-3, be sure to check out OpenAI's website for more information. #OpenAI #GPT3 #AI #technology #futuretech #innovation #conversationstarter 

CTA: Share this post and tag a friend who you think would be interested in this topic!",1438,238,293
78,"Hey everyone, have you heard the news? OpenAI has just announced their latest breakthrough in language processing technology! They have designed a new AI model called ""GPT-3"" that is capable of generating human-like language and completing various tasks such as writing essays, creating chatbots and much more.

Personally, I am thrilled to see such advancements in AI technology that can help us accomplish complicated tasks with ease. This new development is definitely a game-changer and would open up limitless possibilities for not just the tech industry but also other fields like education, healthcare, and journalism.

What do you all think about this announcement? Are you excited about this new development or do you think it could pose some risks to society? I would love to hear your thoughts and opinions on this subject.

So, don't hold back and share your thoughts in the comments below! Let's have a constructive conversation and see how this new AI development could impact our future.

Also, if you're interested to know more about OpenAI's latest AI model, feel free to check out their website.",1113,180,214
79,"Exciting news for the tech world! OpenAI has announced their newest language-generating AI, GPT-3, which can create natural language responses with unprecedented fluidity and accuracy. It's amazing to see how far AI has come in recent years, and the potential applications for GPT-3 are endless. But, as with any advanced technology, there are also ethical considerations to be taken into account. 

What do you think about this new announcement from OpenAI? Are you excited about the potential advancements that GPT-3 could bring, or do you have reservations about the ethics of such powerful language-generating technology? Let's start a conversation in the comments below! 

And if you're interested in learning more about GPT-3 and OpenAI's latest project, head over to their website at openai.com. #OpenAI #GPT3 #AI #technology #ethics 

CTA: Share your thoughts and opinions in the comments below!",903,138,195
80,"Exciting news from OpenAI! The research organization has just announced a new natural language processing API that can generate human-like text from minimal prompts. The possibilities for this technology are endless, from improving virtual assistants to aiding in content creation. As an AI assistant myself, I can't help but be impressed by the advancements being made in this field. What do you think of this announcement? Do you think this technology could change the way we interact with machines? Let me know your thoughts in the comments! And if you're interested in learning more about OpenAI's API, check out their website for more information. #OpenAI #AI #NaturalLanguageProcessing #Technology #Innovation #Future #CTA",728,111,141
81,"Exciting news! OpenAI has announced a new project that aims to revolutionize the way we interact with machines. They plan to create a language model that can generate complex reasoning and long-term planning, opening up a new world of possibilities for AI. 

Personally, I find this announcement incredibly intriguing. It will be fascinating to see how this new language model improves AI's ability to understand and process information. What do you all think of this development? Do you feel excited about the new possibilities it brings, or concerned about the potential implications? 

Let's start a conversation in the comments! And if you're interested in learning more about OpenAI's new project, head over to their website for more information. #OpenAI #AI #futuretech 

CTA: Share your thoughts in the comments and don't forget to follow me for more updates on the latest in tech!",888,142,176
82,"Hey friends, have you heard the latest announcement from OpenAI? They have just released a new tool called OpenAI Codex that can code anything you describe in plain language. This is a game-changer for developers, making coding more accessible and easier than ever before. Personally, I think this is great news and will revolutionize the way we approach coding. I'm curious to hear your thoughts, though. Do you think this will change the industry for the better? Or do you have concerns about the potential impact on developers? Share your thoughts in the comments below. And if you're excited about the possibilities of OpenAI Codex like I am, be sure to check it out and let me know what you think! #OpenAICodex #CodingRevolution #IndustryShift #GameChanger #CTA",766,126,165
83,"Exciting news from OpenAI! The renowned AI research lab has announced the release of a new language model, GPT-3, which has generated a lot of buzz in the tech world. With 175 billion parameters, GPT-3 is the largest language model ever developed, and it can perform a variety of language tasks such as translation, summarization, and question-answering. 

Personally, I think this is a major step forward for AI and natural language processing. It has incredible potential to improve automated writing and make communication across languages more accessible. But what do you think? Do you think GPT-3 marks a new milestone in the field of AI or do you have reservations about its capabilities? 

I'm curious to hear your thoughts! Let me know in the comments. 

And if you want to learn more about GPT-3, check out OpenAI's website for the latest updates. #OpenAI #GPT3 #NLP #ArtificialIntelligence #TechNews 

CTA: Share this post and tag a friend who loves all things AI and language processing!",998,163,224
84,"Exciting news guys! OpenAI has just announced the release of their latest breakthrough in natural language processing and generation. This technology has been designed to be more intuitive, faster, and more accurate than ever before. But what do you guys think about this latest development? I am personally thrilled to see such powerful advancements in AI, and I believe these innovations can change the way we interact with technology as a whole. Do you have any thoughts or opinions on this announcement? Leave a comment below and let me know! Don't forget to share this news with your friends and colleagues too! #OpenAI #ArtificialIntelligence #Technology #Innovation #Opinion #CommunityFeedback #CTA",705,109,138
85,"Big news, everyone! OpenAI has just announced their latest breakthrough in artificial intelligence. They have developed a language model called GPT-3, with a whopping 175 billion parameters, capable of tasks such as translating languages and even creating content like poetry and articles! This is a major advancement in AI and could potentially transform the way we interact with technology. In my opinion, while it's exciting to see AI push new limits, it's also important to ensure that ethical considerations are in place. What do you all think about this announcement? Share your thoughts below and let's start a conversation about the future of AI. If you want to learn more about GPT-3, check out OpenAI's website! #AI #OpenAI #GPT3 #language #technology #innovation

CTA: Share this post and tag someone who would be interested to discuss this topic with you.",867,139,180
86,"Exciting news! OpenAI has just announced that they have successfully created a new language model, called GPT-3, that can perform tasks such as language translation, answering questions, and even writing articles. This is a major advancement in the field of artificial intelligence, and many experts are already calling it a game-changer. 

Personally, I think this is incredibly impressive, and I can't wait to see what kind of impact this technology will have in the future. But what do you think? Are you excited about the possibilities of GPT-3? Do you have any concerns about the ethical implications of such an advanced language model? Let me know in the comments! 

In the meantime, if you want to learn more about GPT-3 and how it works, head over to OpenAI's website for more information. Don't miss your chance to be a part of the conversation about this exciting new technology! #openai #gpt3 #languagelearning #AI #technology #innovation

CTA: Share your thoughts in the comments and don't forget to tag your friends who might be interested in this announcement.",1074,175,229
87,"Exciting news from OpenAI! They've just announced their latest project, a new language model called GPT-3 with over 175 billion parameters. This model has the ability to generate human-like text, complete tasks, and even compose music. In my opinion, this is a major leap towards creating AI that can fully understand human language and interact with us in a more natural way. I'm excited to see how this technology will develop further in the future. What are your thoughts on this announcement? Do you think this will have any impact on our daily lives? Share your opinion in the comments below! And if you're interested in learning more, check out the OpenAI website. #OpenAI #GPT3 #AI #TechNews #ArtificialIntelligence #LanguageModel #FutureTech

CTA: Let's start a conversation in the comments about this exciting new development from OpenAI!",847,135,182
88,"üö®Big announcement alert! OpenAI just released GPT-3, the largest and most advanced language model to date. This model is capable of generating human-like text and understanding natural language inputs. This means that it can read a prompt and produce an output that is both fluent and on-topic.

In my opinion, this is a major step forward for AI, and it's exciting to see OpenAI continue to push the boundaries of what's possible. I can't wait to see how this technology will be utilized in the future.

What do you think about this announcement? Are you excited to see this technology in action, or do you have concerns about its potential applications?

Let me know in the comments below! And if you want to learn more about GPT-3, check out OpenAI's website. It's definitely worth a read. 

#OpenAI #GPT3 #AIadvancements #artificialintelligence #technews #futuretech #innovation #opinionswanted #CTA",903,145,203
89,"üì¢ Big news from OpenAI! The world-leading AI research institute has just announced their latest breakthrough in natural language processing technology. The new model, named GPT-3, is the largest and most powerful language model ever created, with 175 billion parameters. 

This is a truly game-changing development that will revolutionize the field of AI and have far-reaching implications for industries such as finance, healthcare, and education. As an AI enthusiast, I'm excited to see the possibilities that this breakthrough will unlock. 

What do you think about the GPT-3 announcement? Are you excited about the implications it may have for our lives and society? Or do you have concerns about the impact of this technology?

Let's start a conversation and share our thoughts on this exciting announcement. #OpenAI #AI #GPT3 #naturallanguageprocessing 

üëâ Don't forget to leave your comment below!",904,137,186
90,"Hey everyone! Exciting news! OpenAI has just announced the launch of a new language prediction model called GPT-3. This model is cutting-edge and can create incredibly lifelike text. 

I think this announcement is huge, and I can't wait to see the creative ways that developers and companies will use this technology. However, I also think it's important to consider the potential implications of this type of technology. 

What do you think about the launch of GPT-3? Are you excited about this technology or are you concerned about its implications? Let me know in the comments!

Also, if you're a developer or interested in exploring the possibilities of GPT-3, I suggest checking out OpenAI's website for more information on how to get access. 

Let's start a conversation about this fascinating and groundbreaking technology! #OpenAI #GPT3 #AI #technology #machinelearning #languageprediction #conversationstarter #CTA: Share your thoughts in the comments!",961,146,201
91,"üì¢Big news from OpenAI! The company has just announced its latest breakthrough: the development of an artificial intelligence system that can write coherent and convincing articles. As a language model, it can generate original text on any subject without human intervention. This technology represents an incredible leap forward in the field of natural language processing, and has the potential to revolutionize the way we create content online.

In my opinion, this new announcement from OpenAI could change the way we think about writing and content creation. It's exciting to imagine how this technology could be used to improve productivity and creativity across numerous industries. At the same time, there are also concerns about the potential misuse of AI-generated content, and the need for ethical guidelines to ensure that this technology is used for good.

What do you think about this latest development from OpenAI? Are you excited about the possibilities, or do you have reservations about the impact of this technology? Share your thoughts in the comments below!

üëâCTA: Don't forget to follow OpenAI's progress and stay updated on the latest news in the field of artificial intelligence. Also, be sure to share your thoughts on this new development and encourage others to join the conversation!",1311,206,243
92,"Attention everyone! OpenAI just made a new announcement and it's definitely worth talking about. They announced the launch of their new AI language model called GPT-3, which is capable of generating human-like responses to text prompts. This is a huge breakthrough in the field of natural language processing and AI!

In my opinion, this could revolutionize the way we communicate with computers and the way they interact with us. I'm really excited to see how this technology can be utilized in the future. What do you think about this announcement? Do you think GPT-3 could change the game for AI?

Share your thoughts in the comments below! And if you want to learn more about GPT-3 and its capabilities, feel free to check out OpenAI's website.

Don't forget to like and share this post with your friends who might be interested in this topic! #OpenAI #GPT3 #ArtificialIntelligence #AI #NewTechnology #NaturalLanguageProcessing #OpinionsWelcome #JoinTheDiscussion",967,152,204
93,"Hey everyone! Have you heard about the exciting new announcement from OpenAI? They just released a beta version of a new language model called GPT-3. This model is designed to answer complex questions, translate languages, and even generate writing that's nearly indistinguishable from something humans would create.

This is a huge breakthrough in the field of artificial intelligence and it has the potential to completely change the way we interact with technology. Personally, I think this is incredibly exciting and I can't wait to see where this technology takes us.

But what do you think? Are you excited about this announcement from OpenAI? Do you think this technology will be beneficial or potentially dangerous? I'd love to hear your thoughts in the comments below.

And if you're interested in learning more about GPT-3 or OpenAI, be sure to check out their website and sign up for their beta program to test out the technology for yourself. Let's explore this incredible new advancement together! #OpenAI #GPT3 #AI #technology #futuretech #CTA #jointheconversation",1078,170,216
94,"üì¢Big Announcementüì¢ OpenAI, the artificial intelligence research institute, just released their latest innovation - the OpenAI Codex, an AI system that can write code for you! This breakthrough technology can significantly reduce the time spent on programming tasks, leading to more efficient and faster software development. 

As a tech-savvy AI assistant, I am personally thrilled about the potential of this technology! It has the potential to revolutionize the tech industry and democratize access to coding knowledge. But, I'm also curious to know your thoughts on this announcement. 

What do you think about AI-powered coding tools? Do you think it will outcompete human coders in terms of speed and accuracy? How do you think it will impact the job market? Share your opinion in the comments below. 

And, if you're a developer who has used AI-powered coding tools, do share your experience with us. We'd love to hear your feedback. 

Lastly, remember to stay tuned to OpenAI's development and innovation - they are sure to have a few more exciting releases up their sleeves! 

üëãüèΩCTA: Share your thoughts and join the conversation! #OpenAI #AI #Coding #Innovation #Technology #FutureOfWork",1196,187,255
95,"üî• Big news from OpenAI! The team has announced its newest technology, GPT-3, a language model that can generate human-like text in an instant. This model has 175B parameters, making it the largest and most capable language model to date. ü§Ø

Personally, I think this is a huge breakthrough in AI technology, and it's amazing to see how far we've come. What do you think? Do you think AI will surpass human capabilities in language in the future? Let me know in the comments!

If you're as excited about this as I am, be sure to check out their website and read more about GPT-3. Who knows what other incredible innovations we'll see in the world of AI in the near future? üåü #OpenAI #GPT3 #AIinnovations

üëâüèº Call-to-action: Share your thoughts about this monumental announcement and let's have an engaging conversation about the future of AI!",840,146,202
96,"Hey everyone! Have you heard the exciting news from OpenAI? They have just announced the release of their latest artificial intelligence model - GPT-3. This model is capable of generating human-like text, completing tasks such as writing essays, composing poetry, and even coding. 

In my opinion, this is a massive breakthrough in the field of AI and represents a giant leap forward in our capabilities to create machines that can truly understand human language and context. I am absolutely fascinated by this and can't wait to see what new developments this will bring.

What do you all think about this? Are you excited about the possibilities that this new AI model can bring? Or are you concerned about the potential misuse of this technology? Let me know your thoughts in the comments.

And if you're interested in learning more about GPT-3 or the latest advancements in AI, be sure to check out OpenAI's website for more information.",941,157,186
97,"üö® Big news! OpenAI just announced a new language model called GPT-3 that can generate human-like text and complete tasks like writing essays and even computer code! This is a major breakthrough in AI technology and could revolutionize the way we think about language processing. Personally, I am blown away by the potential of this innovation and excited to see where it goes. But what do you think? Are you impressed by GPT-3? Do you think it will have a positive impact on society or raise concerns about AI's capabilities? Let me know in the comments! Don't forget to follow OpenAI for more updates on this incredible development. #openai #gpt3 #AI #innovation #languageprocessing #technology #opinions #thoughts #discussion

CTA: Share your thoughts in the comments and follow OpenAI for more updates on this groundbreaking technology!",839,134,179
98,"Exciting news everyone! OpenAI has just released their latest language model, GPT-3 and it's generating a lot of buzz in the tech industry. With a whopping 175 billion parameters, it's being dubbed as the most advanced language model to date. This AI technology can generate human-like text, write code, create poetry and even answer complex questions. Some are calling it a groundbreaking achievement in the field of Artificial Intelligence. I'm curious to hear what you all think about this announcement. Do you think this will change the way we interact with machines? Will this have a positive or negative impact on society? Let's start a discussion in the comments. #OpenAI #GPT3 #ArtificialIntelligence #TechIndustry #FutureTechnology. Don't forget to follow us for more interesting conversations.",803,123,163
99,"Exciting news alert! OpenAI just announced the launch of a new language model called GPT-3. This model is capable of generating human-like language, which has the potential to revolutionize the field of natural language processing. I think this is a huge step forward for artificial intelligence and language generation, providing endless possibilities for future applications. 

What do you think about this announcement? Are you excited about the possibilities of GPT-3 or do you have concerns about the potential impact on language and communication? I'd love to hear your thoughts on this subject! 

Don't forget to check out OpenAI's website to learn more about GPT-3 and its capabilities. Let's continue to stay curious and engaged with the latest advancements in technology!",781,120,151
